{
	"hud_lives_icon_S3":                     { "File": "hud_mighty.png",         "Rect": "0,0,53,17" },
	"hud_lives_icon_mightyMania":          	 { "File": "hud_mighty_m.png",       "Rect": "0,0,53,17" },
	"hud_lives_icon_mightyKC":          	 { "File": "hud_mighty_c.png",       "Rect": "0,0,53,17" },
	"hud_lives_icon_mightyMegamix":          { "File": "hud_mighty_c.png",       "Rect": "0,0,53,17" },
	"hud_lives_icon_S3_Ray":                 { "File": "hud_ray.png",            "Rect": "0,0,53,17" },
	"hud_lives_icon_Mania_Ray":              { "File": "hud_ray_m.png",          "Rect": "0,0,53,17" },
	"hud_lives_icon_slot3":                  { "File": "hud_amy.png",            "Rect": "0,0,53,17" },
	"hud_lives_icon_slot5":          	 { "File": "hud_shadow.png",         "Rect": "0,0,53,17" },
	"hud_lives_icon_slot19":          	 { "File": "hud_fang.png",           "Rect": "0,0,53,17" },
	"hud_lives_icon_slot30":          	 { "File": "hud_metal.png",          "Rect": "0,0,53,17" },
	"hud_lives_icon_slot35":         	 { "File": "hud_modern.png",         "Rect": "0,0,53,17" },
	"hud_lives_icon_slot99":          	 { "File": "hud_S1.png",             "Rect": "0,0,53,17" },
	"hud_lives_icon_slot10":          	 { "File": "hud_trip.png",           "Rect": "0,0,53,17" },

	//The Glitch Trio
	"hud_lives_icon_slot168":          	 { "File": "hud_ashura.png",          "Rect": "0,0,53,17" },
	"hud_lives_icon_slot175":          	 { "File": "hud_wechnia.png",         "Rect": "0,0,53,17" },
	"hud_lives_icon_slot169":          	 { "File": "hud_blux.png",            "Rect": "0,0,53,17" },
}