{
	//Frame1
	"monitor_icon_chaos_emerald_1-00":  { "File": "Animated Chaos Monitor icones.png", "Rect": "0,0,16,16", "Center": "8,8" },
	"monitor_icon_chaos_emerald_2-00":  { "File": "Animated Chaos Monitor icones.png", "Rect": "16,0,16,16", "Center": "8,8" },
	"monitor_icon_chaos_emerald_3-00":  { "File": "Animated Chaos Monitor icones.png", "Rect": "32,0,16,16", "Center": "8,8" },
	"monitor_icon_chaos_emerald_4-00":  { "File": "Animated Chaos Monitor icones.png", "Rect": "48,0,16,16", "Center": "8,8" },
	"monitor_icon_chaos_emerald_5-00":  { "File": "Animated Chaos Monitor icones.png", "Rect": "64,0,16,16", "Center": "8,8" },
	"monitor_icon_chaos_emerald_6-00":  { "File": "Animated Chaos Monitor icones.png", "Rect": "80,0,16,16", "Center": "8,8" },
	"monitor_icon_chaos_emerald_7-00":  { "File": "Animated Chaos Monitor icones.png", "Rect": "96,0,16,16", "Center": "8,8" },

	"monitor_icon_super_emerald_1-00":  { "File": "Animated Chaos Monitor icones.png", "Rect": "114,0,16,16", "Center": "8,8" },
	"monitor_icon_super_emerald_2-00":  { "File": "Animated Chaos Monitor icones.png", "Rect": "130,0,16,16", "Center": "8,8" },
	"monitor_icon_super_emerald_3-00":  { "File": "Animated Chaos Monitor icones.png", "Rect": "146,0,16,16", "Center": "8,8" },
	"monitor_icon_super_emerald_4-00":  { "File": "Animated Chaos Monitor icones.png", "Rect": "162,0,16,16", "Center": "8,8" },
	"monitor_icon_super_emerald_5-00":  { "File": "Animated Chaos Monitor icones.png", "Rect": "178,0,16,16", "Center": "8,8" },
	"monitor_icon_super_emerald_6-00":  { "File": "Animated Chaos Monitor icones.png", "Rect": "194,0,16,16", "Center": "8,8" },
	"monitor_icon_super_emerald_7-00":  { "File": "Animated Chaos Monitor icones.png", "Rect": "210,0,16,16", "Center": "8,8" },
	//Frame2
	"monitor_icon_chaos_emerald_1-01":  { "File": "Animated Chaos Monitor icones.png", "Rect": "0,17,16,16", "Center": "8,8" },
	"monitor_icon_chaos_emerald_2-01":  { "File": "Animated Chaos Monitor icones.png", "Rect": "17,16,16,16", "Center": "8,8" },
	"monitor_icon_chaos_emerald_3-01":  { "File": "Animated Chaos Monitor icones.png", "Rect": "32,17,16,16", "Center": "8,8" },
	"monitor_icon_chaos_emerald_4-01":  { "File": "Animated Chaos Monitor icones.png", "Rect": "48,17,16,16", "Center": "8,8" },
	"monitor_icon_chaos_emerald_5-01":  { "File": "Animated Chaos Monitor icones.png", "Rect": "64,17,16,16", "Center": "8,8" },
	"monitor_icon_chaos_emerald_6-01":  { "File": "Animated Chaos Monitor icones.png", "Rect": "80,17,16,16", "Center": "8,8" },
	"monitor_icon_chaos_emerald_7-01":  { "File": "Animated Chaos Monitor icones.png", "Rect": "96,17,16,16", "Center": "8,8" },

	"monitor_icon_super_emerald_1-01":  { "File": "Animated Chaos Monitor icones.png", "Rect": "114,17,16,16", "Center": "8,8" },
	"monitor_icon_super_emerald_2-01":  { "File": "Animated Chaos Monitor icones.png", "Rect": "130,17,16,16", "Center": "8,8" },
	"monitor_icon_super_emerald_3-01":  { "File": "Animated Chaos Monitor icones.png", "Rect": "146,17,16,16", "Center": "8,8" },
	"monitor_icon_super_emerald_4-01":  { "File": "Animated Chaos Monitor icones.png", "Rect": "162,17,16,16", "Center": "8,8" },
	"monitor_icon_super_emerald_5-01":  { "File": "Animated Chaos Monitor icones.png", "Rect": "178,17,16,16", "Center": "8,8" },
	"monitor_icon_super_emerald_6-01":  { "File": "Animated Chaos Monitor icones.png", "Rect": "194,17,16,16", "Center": "8,8" },
	"monitor_icon_super_emerald_7-01":  { "File": "Animated Chaos Monitor icones.png", "Rect": "210,17,16,16", "Center": "8,8" },
	//Frame3
	"monitor_icon_chaos_emerald_1-02":  { "File": "Animated Chaos Monitor icones.png", "Rect": "0,34,16,16", "Center": "8,8" },
	"monitor_icon_chaos_emerald_2-02":  { "File": "Animated Chaos Monitor icones.png", "Rect": "16,34,16,16", "Center": "8,8" },
	"monitor_icon_chaos_emerald_3-02":  { "File": "Animated Chaos Monitor icones.png", "Rect": "32,34,16,16", "Center": "8,8" },
	"monitor_icon_chaos_emerald_4-02":  { "File": "Animated Chaos Monitor icones.png", "Rect": "48,34,16,16", "Center": "8,8" },
	"monitor_icon_chaos_emerald_5-02":  { "File": "Animated Chaos Monitor icones.png", "Rect": "64,34,16,16", "Center": "8,8" },
	"monitor_icon_chaos_emerald_6-02":  { "File": "Animated Chaos Monitor icones.png", "Rect": "80,34,16,16", "Center": "8,8" },
	"monitor_icon_chaos_emerald_7-02":  { "File": "Animated Chaos Monitor icones.png", "Rect": "96,34,16,16", "Center": "8,8" },

	"monitor_icon_super_emerald_1-02":  { "File": "Animated Chaos Monitor icones.png", "Rect": "114,34,16,16", "Center": "8,8" },
	"monitor_icon_super_emerald_2-02":  { "File": "Animated Chaos Monitor icones.png", "Rect": "130,34,16,16", "Center": "8,8" },
	"monitor_icon_super_emerald_3-02":  { "File": "Animated Chaos Monitor icones.png", "Rect": "146,34,16,16", "Center": "8,8" },
	"monitor_icon_super_emerald_4-02":  { "File": "Animated Chaos Monitor icones.png", "Rect": "162,34,16,16", "Center": "8,8" },
	"monitor_icon_super_emerald_5-02":  { "File": "Animated Chaos Monitor icones.png", "Rect": "178,34,16,16", "Center": "8,8" },
	"monitor_icon_super_emerald_6-02":  { "File": "Animated Chaos Monitor icones.png", "Rect": "194,34,16,16", "Center": "8,8" },
	"monitor_icon_super_emerald_7-02":  { "File": "Animated Chaos Monitor icones.png", "Rect": "210,34,16,16", "Center": "8,8" },
	//Frame4
	"monitor_icon_chaos_emerald_1-03":  { "File": "Animated Chaos Monitor icones.png", "Rect": "0,51,16,16", "Center": "8,8" },
	"monitor_icon_chaos_emerald_2-03":  { "File": "Animated Chaos Monitor icones.png", "Rect": "16,51,16,16", "Center": "8,8" },
	"monitor_icon_chaos_emerald_3-03":  { "File": "Animated Chaos Monitor icones.png", "Rect": "32,51,16,16", "Center": "8,8" },
	"monitor_icon_chaos_emerald_4-03":  { "File": "Animated Chaos Monitor icones.png", "Rect": "48,51,16,16", "Center": "8,8" },
	"monitor_icon_chaos_emerald_5-03":  { "File": "Animated Chaos Monitor icones.png", "Rect": "64,51,16,16", "Center": "8,8" },
	"monitor_icon_chaos_emerald_6-03":  { "File": "Animated Chaos Monitor icones.png", "Rect": "80,51,16,16", "Center": "8,8" },
	"monitor_icon_chaos_emerald_7-03":  { "File": "Animated Chaos Monitor icones.png", "Rect": "96,51,16,16", "Center": "8,8" },

	"monitor_icon_super_emerald_1-03":  { "File": "Animated Chaos Monitor icones.png", "Rect": "114,51,16,16", "Center": "8,8" },
	"monitor_icon_super_emerald_2-03":  { "File": "Animated Chaos Monitor icones.png", "Rect": "130,51,16,16", "Center": "8,8" },
	"monitor_icon_super_emerald_3-03":  { "File": "Animated Chaos Monitor icones.png", "Rect": "146,51,16,16", "Center": "8,8" },
	"monitor_icon_super_emerald_4-03":  { "File": "Animated Chaos Monitor icones.png", "Rect": "162,51,16,16", "Center": "8,8" },
	"monitor_icon_super_emerald_5-03":  { "File": "Animated Chaos Monitor icones.png", "Rect": "178,51,16,16", "Center": "8,8" },
	"monitor_icon_super_emerald_6-03":  { "File": "Animated Chaos Monitor icones.png", "Rect": "194,51,16,16", "Center": "8,8" },
	"monitor_icon_super_emerald_7-03":  { "File": "Animated Chaos Monitor icones.png", "Rect": "210,51,16,16", "Center": "8,8" },

}