{
	//Sonic 3
	"icon_aiz1_component":  { "File": "icons.png", "Rect": "0,0,68,33", "Center": "0,1" },
	"icon_aiz2_component":  { "File": "icons.png", "Rect": "0,34,68,32", "Center": "0,0" },
	"icon_hcz1_component":  { "File": "icons.png", "Rect": "0,0,68,33", "Center": "0,1" },
	"icon_hcz2_component":  { "File": "icons.png", "Rect": "0,34,68,32", "Center": "0,0" },
	"icon_mgz1_component":  { "File": "icons.png", "Rect": "0,0,68,33", "Center": "0,1" },
	"icon_mgz2_component":  { "File": "icons.png", "Rect": "0,34,68,32", "Center": "0,0" },
	"icon_cnz1_component":  { "File": "icons.png", "Rect": "0,0,68,33", "Center": "0,1" },
	"icon_cnz2_component":  { "File": "icons.png", "Rect": "0,34,68,32", "Center": "0,0" },
	"icon_icz1_component":  { "File": "icons.png", "Rect": "0,0,68,33", "Center": "0,1" },
	"icon_icz2_component":  { "File": "icons.png", "Rect": "0,34,68,32", "Center": "0,0" },
	"icon_lbz1_component":  { "File": "icons.png", "Rect": "0,0,68,33", "Center": "0,1" },
	"icon_lbz2_component":  { "File": "icons.png", "Rect": "0,34,68,32", "Center": "0,0" },

	//Sonic & Knuckles
	"icon_mhz1_component":  { "File": "icons.png", "Rect": "0,0,68,33", "Center": "0,1" },
	"icon_mhz2_component":  { "File": "icons.png", "Rect": "0,67,68,32", "Center": "0,0" },
	"icon_fbz1_component":  { "File": "icons.png", "Rect": "0,0,68,33", "Center": "0,1" },
	"icon_fbz2_component":  { "File": "icons.png", "Rect": "0,67,68,32", "Center": "0,0" },
	"icon_soz1_component":  { "File": "icons.png", "Rect": "0,0,68,33", "Center": "0,1" },
	"icon_soz2_component":  { "File": "icons.png", "Rect": "0,67,68,32", "Center": "0,0" },
	"icon_lrz1_component":  { "File": "icons.png", "Rect": "0,0,68,33", "Center": "0,1" },
	"icon_lrz2_component":  { "File": "icons.png", "Rect": "0,67,68,32", "Center": "0,0" },
	"icon_hpz1_component":  { "File": "icons.png", "Rect": "69,1,65,32", "Center": "-4,0" },
	"icon_hpz_component":  { "File": "icons.png", "Rect": "69,1,65,32", "Center": "-4,0" },
	"icon_ssz1_component":  { "File": "icons.png", "Rect": "69,34,65,32", "Center": "-4,0" },
	"icon_ssz_component":  { "File": "icons.png", "Rect": "69,34,65,32", "Center": "-4,0" },
	"icon_dez1_component":  { "File": "icons.png", "Rect": "0,0,68,33", "Center": "0,1" },
	"icon_dez2_component":  { "File": "icons.png", "Rect": "0,67,68,32", "Center": "0,0" },
	"icon_ddz1_component":  { "File": "icons.png", "Rect": "0,0,68,33", "Center": "0,1" },
	"icon_ddz_component":  { "File": "icons.png", "Rect": "69,67,65,34", "Center": "-6,2" },
}