{
	"ESS_Zone_Err":  { "File": "ZoneIcons_Finished.png", "Rect": "324,0,80,56", "Center": "40,28" },
	"ESS_Zone_New":  { "File": "ZoneIcon_new.png", "Rect": "0,0,80,56", "Center": "40,28" },
	"ESS_Zone_Sonic_0":  { "File": "ZoneIcons_Finished.png", "Rect": "0,0,80,56", "Center": "40,28" },
	"ESS_Zone_Sonic_1":  { "File": "ZoneIcons_Finished.png", "Rect": "0,57,80,56", "Center": "40,28" },
	"ESS_Zone_Sonic_2":  { "File": "ZoneIcons_Finished.png", "Rect": "0,114,80,56", "Center": "40,28" },
	"ESS_Zone_Tails_0":  { "File": "ZoneIcons_Finished.png", "Rect": "81,0,80,56", "Center": "40,28" },
	"ESS_Zone_Tails_1":  { "File": "ZoneIcons_Finished.png", "Rect": "81,57,80,56", "Center": "40,28" },
	"ESS_Zone_Tails_2":  { "File": "ZoneIcons_Finished.png", "Rect": "81,114,80,56", "Center": "40,28" },
	"ESS_Zone_Knuckles_0":  { "File": "ZoneIcons_Finished.png", "Rect": "162,0,80,56", "Center": "40,28" },
	"ESS_Zone_Knuckles_1":  { "File": "ZoneIcons_Finished.png", "Rect": "162,57,80,56", "Center": "40,28" },
	"ESS_Zone_Knuckles_2":  { "File": "ZoneIcons_Finished.png", "Rect": "162,114,80,56", "Center": "40,28" },
	"ESS_Zone_Es1_0":  { "File": "ZoneIcons_Finished_ES.png", "Rect": "0,0,80,56", "Center": "40,28" },
	"ESS_Zone_Es1_1":  { "File": "ZoneIcons_Finished_ES.png", "Rect": "0,57,80,56", "Center": "40,28" },
	"ESS_Zone_Es1_2":  { "File": "ZoneIcons_Finished_ES.png", "Rect": "0,114,80,56", "Center": "40,28" },
	"ESS_Zone_Es2_0":  { "File": "ZoneIcons_Finished_ES.png", "Rect": "81,0,80,56", "Center": "40,28" },
	"ESS_Zone_Es2_1":  { "File": "ZoneIcons_Finished_ES.png", "Rect": "81,57,80,56", "Center": "40,28" },
	"ESS_Zone_Es2_2":  { "File": "ZoneIcons_Finished_ES.png", "Rect": "81,114,80,56", "Center": "40,28" },
	"ESS_Zone_Es3_0":  { "File": "ZoneIcons_Finished_ES.png", "Rect": "162,0,80,56", "Center": "40,28" },
	"ESS_Zone_Es3_1":  { "File": "ZoneIcons_Finished_ES.png", "Rect": "162,57,80,56", "Center": "40,28" },
	"ESS_Zone_Es3_2":  { "File": "ZoneIcons_Finished_ES.png", "Rect": "162,114,80,56", "Center": "40,28" },
	"ESS_Zone_Es5_0":  { "File": "ZoneIcons_Finished_ES.png", "Rect": "243,0,80,56", "Center": "40,28" },
	"ESS_Zone_Es5_1":  { "File": "ZoneIcons_Finished_ES.png", "Rect": "243,57,80,56", "Center": "40,28" },
	"ESS_Zone_Es5_2":  { "File": "ZoneIcons_Finished_ES.png", "Rect": "243,114,80,56", "Center": "40,28" },
	"ESS_Zone_Es168_0":  { "File": "ZoneIcons_Finished_ES.png", "Rect": "324,0,80,56", "Center": "40,28" },
	"ESS_Zone_Es168_1":  { "File": "ZoneIcons_Finished_ES.png", "Rect": "324,57,80,56", "Center": "40,28" },
	"ESS_Zone_Es168_2":  { "File": "ZoneIcons_Finished_ES.png", "Rect": "324,114,80,56", "Center": "40,28" },
	"ESS_Zone_Es175_0":  { "File": "ZoneIcons_Finished_ES.png", "Rect": "405,0,80,56", "Center": "40,28" },
	"ESS_Zone_Es175_1":  { "File": "ZoneIcons_Finished_ES.png", "Rect": "405,57,80,56", "Center": "40,28" },
	"ESS_Zone_Es175_2":  { "File": "ZoneIcons_Finished_ES.png", "Rect": "405,114,80,56", "Center": "40,28" },
	"ESS_Zone_Es169_0":  { "File": "ZoneIcons_Finished_ES.png", "Rect": "486,0,80,56", "Center": "40,28" },
	"ESS_Zone_Es169_1":  { "File": "ZoneIcons_Finished_ES.png", "Rect": "486,57,80,56", "Center": "40,28" },
	"ESS_Zone_Es169_2":  { "File": "ZoneIcons_Finished_ES.png", "Rect": "486,114,80,56", "Center": "40,28" },
	"ESS_Zone_Es19_0":  { "File": "ZoneIcons_Finished_ES.png", "Rect": "567,0,80,56", "Center": "40,28" },
	"ESS_Zone_Es19_1":  { "File": "ZoneIcons_Finished_ES.png", "Rect": "567,57,80,56", "Center": "40,28" },
	"ESS_Zone_Es19_2":  { "File": "ZoneIcons_Finished_ES.png", "Rect": "567,114,80,56", "Center": "40,28" },
	"ESS_Zone_Es10_0":  { "File": "ZoneIcons_Finished_ES.png", "Rect": "648,0,80,56", "Center": "40,28" },
	"ESS_Zone_Es10_1":  { "File": "ZoneIcons_Finished_ES.png", "Rect": "648,57,80,56", "Center": "40,28" },
	"ESS_Zone_Es10_2":  { "File": "ZoneIcons_Finished_ES.png", "Rect": "648,114,80,56", "Center": "40,28" },
	"ESS_Zone_Es35_0":  { "File": "ZoneIcons_Finished_ES.png", "Rect": "729,0,80,56", "Center": "40,28" },
	"ESS_Zone_Es35_1":  { "File": "ZoneIcons_Finished_ES.png", "Rect": "729,57,80,56", "Center": "40,28" },
	"ESS_Zone_Es35_2":  { "File": "ZoneIcons_Finished_ES.png", "Rect": "729,114,80,56", "Center": "40,28" }
}