{
	// Hud Digits
	"hud_digit_0":  { "File": "huddy_numberssy.png", "Rect": "0,0,9,14", "Center": "0,0" },
	"hud_digit_1":  { "File": "huddy_numberssy.png", "Rect": "10,0,9,14", "Center": "0,0" },
	"hud_digit_2":  { "File": "huddy_numberssy.png", "Rect": "20,0,9,14", "Center": "0,0" },
	"hud_digit_3":  { "File": "huddy_numberssy.png", "Rect": "30,0,9,14", "Center": "0,0" },
	"hud_digit_4":  { "File": "huddy_numberssy.png", "Rect": "40,0,9,14", "Center": "0,0" },
	"hud_digit_5":  { "File": "huddy_numberssy.png", "Rect": "50,0,9,14", "Center": "0,0" },
	"hud_digit_6":  { "File": "huddy_numberssy.png", "Rect": "60,0,9,14", "Center": "0,0" },
	"hud_digit_7":  { "File": "huddy_numberssy.png", "Rect": "70,0,9,14", "Center": "0,0" },
	"hud_digit_8":  { "File": "huddy_numberssy.png", "Rect": "80,0,9,14", "Center": "0,0" },
	"hud_digit_9":  { "File": "huddy_numberssy.png", "Rect": "90,0,9,14", "Center": "0,0" },

	// Other characters for time
	"hud_char_colon":   { "File": "hudded_numbers2.png", "Rect": "0,0,9,14", "Center": "0,0" },
	"hud_char_minutes": { "File": "hudded_numbers2.png", "Rect": "10,0,9,14", "Center": "0,0" },
	"hud_char_seconds": { "File": "hudded_numbers2.png", "Rect": "20,0,9,14", "Center": "0,0" },

}